yapilandirma,boyut_MB,accuracy,precision,recall,f1,roc_auc,latency_ms,sapma,kuantize_dugum,toplam_dugum
FP32 (referans),6.04,0.9833333333333333,0.9801324503311258,0.9866666666666667,0.9833887043189369,0.9960444444444444,9.23,0.0,0,122
dinamik (sadece MatMul),1.55,0.6,0.5568181818181818,0.98,0.7101449275362319,0.7389999999999999,95.43,0.39074,0,464
qdq_s8_perch_percentile,1.71,0.5733333333333334,0.7619047619047619,0.21333333333333335,0.3333333333333333,0.7021111111111112,24.59,0.42835,364,491
qdq_u8_perch_percentile,1.71,0.5666666666666667,0.75,0.2,0.3157894736842105,0.7016888888888888,6.71,0.42824,364,491
qdq_u8_perch_minmax,1.71,0.5,0.5,0.006666666666666667,0.013157894736842105,0.35606666666666664,6.76,0.51011,364,491
qdq_u8_perch_entropy,1.71,0.5,0.5,0.006666666666666667,0.013157894736842105,0.35606666666666664,6.76,0.51011,364,491
qdq_u8_pertensor_percentile,1.58,0.39,0.36585365853658536,0.3,0.32967032967032966,0.34017777777777786,6.48,0.56193,364,491
qdq_u8_perch_percentile_rr,1.71,0.6233333333333333,0.8363636363636363,0.30666666666666664,0.44878048780487806,0.7359777777777777,6.67,0.38686,364,491
qop_u8_perch_percentile,1.59,0.5666666666666667,0.75,0.2,0.3157894736842105,0.7016888888888888,6.77,0.42824,131,205
